qty,n_trades,total_qty,vol_share
399.33,5,1996.6499999999999,0.011863791275425778
671.814,2,1343.628,0.007983633658286523
422.82,3,1268.46,0.007536996810270495
610.74,2,1221.48,0.007257848780260477
508.95,2,1017.9,0.00604820731688373
328.86,3,986.58,0.005862108630210385
446.31,2,892.62,0.005303812570190348
281.88,3,845.64,0.00502466454018033
275.616,3,826.848,0.004913005328176322
250.56,3,751.6800000000001,0.0044663684801602935
187.92,4,751.68,0.004466368480160293
137.808,5,689.04,0.004094171106813602
687.32918,1,687.32918,0.004084005674018758
685.908,1,685.908,0.004075561238146268
685.52895,1,685.52895,0.004073308980573358
684.21672,1,684.21672,0.004065511909065907
681.993,1,681.993,0.004052298902312099
681.9147,1,681.9147,0.004051833655595416
678.67879,1,678.67879,0.004032606369478138
676.512,1,676.512,0.0040197316321442635
675.2592,1,675.2592,0.004012287684677329
674.70365,1,674.70365,0.004008986690891207
673.83743,1,673.83743,0.004003839743114381
667.2824,1,667.2824,0.003964890749688315
664.48512,1,664.48512,0.0039482697364617
219.24,3,657.72,0.003908072420140257
656.08868,1,656.08868,0.0038983793642799764
652.46957,1,652.46957,0.0038768751619196198
646.99595,1,646.99595,0.003844351742591748
645.89455,1,645.89455,0.0038378073909473664
320.7168,2,641.4336,0.0038113011030701167
637.0125,1,637.0125,0.0037850315978449726
636.4475,1,636.4475,0.0037816744535930425
628.40153,1,628.40153,0.0037338665209617162
313.2,2,626.4,0.003721973733466911
624.834,1,624.834,0.0037126687991332432
622.37038,1,622.37038,0.0036980303429882183
621.46834,1,621.46834,0.003692670558207669
607.4514,1,607.4514,0.0036093840280295372
604.476,1,604.476,0.003591704652795569
601.1874,1,601.1874,0.003572164290694868
599.74668,1,599.74668,0.0035636037511078936
598.11673,1,598.11673,0.0035539188355796936
597.07479,1,597.07479,0.003547727786231277
297.54,2,595.08,0.0035358750467935655
594.11153,1,594.11153,0.003530120545034864
590.382,1,590.382,0.0035079602437925635
589.1292,1,589.1292,0.00350051629632563
587.25,1,587.25,0.003489350375125229
584.65076,1,584.65076,0.003473906085522776
582.70687,1,582.70687,0.00346235578616015
581.25042,1,581.25042,0.0034537017813004627
578.1672,1,578.1672,0.0034353817559899585
576.33498,1,576.33498,0.003424494982819568
575.59138,1,575.59138,0.0034200766244731344
572.24683,1,572.24683,0.003400203815963769
569.07263,1,569.07263,0.0033813432013009804
561.81568,1,561.81568,0.0033382235057628534
554.20311,1,554.20311,0.003292990770155928
553.3518,1,553.3518,0.0032879324153362636
552.8999,1,552.8999,0.003285247294119543
552.8699,1,552.8699,0.003285069038672538
551.232,1,551.232,0.0032753368854508817
183.222,3,549.666,0.003266031951117215
549.06332,1,549.06332,0.003262450918023846
548.8954,1,548.8954,0.003261453162868476
542.05734,1,542.05734,0.0032208224481368817
537.34314,1,537.34314,0.0031928113871944968
534.64957,1,534.64957,0.003176806603048178
534.30726,1,534.30726,0.0031747726489793674
534.06319,1,534.06319,0.0031733224220810157
532.44,1,532.44,0.003163677673446875
263.088,2,526.176,0.0031264579361122056
525.2364,1,525.2364,0.003120874975512005
521.74225,1,521.74225,0.003100113266506907
517.47039,1,517.47039,0.00307473052271213
258.39,2,516.78,0.0030706283301102015
515.87172,1,515.87172,0.0030652314681966744
515.6055,1,515.6055,0.003063649629359951
515.3706,1,515.3706,0.0030622538892099006
514.24308,1,514.24308,0.00305555433648966
514.19856,1,514.19856,0.003055289805406305
513.648,1,513.648,0.003052018461442867
510.516,1,510.516,0.0030334085927755327
506.4444,1,506.4444,0.0030092157635079973
505.7397,1,505.7397,0.0030050285430578473
503.28304,1,503.28304,0.0029904314421765276
501.35001,1,501.35001,0.002978945671285717
501.12,1,501.12,0.0029775789867735286
496.71625,1,496.71625,0.0029514125726152357
494.3862,1,494.3862,0.0029375677691387595
493.29,1,493.29,0.0029310543151051926
491.14779,1,491.14779,0.0029183256284008975
491.06908,1,491.06908,0.0029178579455264387
489.66353,1,489.66353,0.002909506380741837
488.3571,1,488.3571,0.0029017437719541404
488.05135,1,488.05135,0.002899927051856747
485.69869,1,485.69869,0.002885947903191711
485.18699,1,485.18699,0.002882907459450627
483.20117,1,483.20117,0.00287110801839157
481.0752,1,481.0752,0.0028584758273025876
479.64489,1,479.64489,0.0028499771423557245
478.06848,1,478.06848,0.0028406103533819465
477.13663,1,477.13663,0.0028350734421055557
476.59078,1,476.59078,0.0028318300842472975
476.064,1,476.064,0.0028287000374348525
474.498,1,474.498,0.002819395103101185
474.41251,1,474.41251,0.0028188871344957027
474.36155,1,474.36155,0.0028185843379097235
472.932,1,472.932,0.002810090168767518
471.51678,1,471.51678,0.0028016811463104983
470.46088,1,470.46088,0.0027954071487607413
470.12247,1,470.12247,0.0027933963679000412
469.8,1,469.8,0.0027914803001001832
469.77386,1,469.77386,0.0027913249801873596
469.12216,1,469.12216,0.002787452677693585
468.234,1,468.234,0.0027821753657665156
467.41832,1,467.41832,0.0027773287189994116
466.05943,1,466.05943,0.0027692544008533853
463.90819,1,463.90819,0.002756472059259542
463.87719,1,463.87719,0.0027562878619643034
457.5852,1,457.5852,0.0027189018122975783
456.51523,1,456.51523,0.002712544212943176
451.50912,1,451.50912,0.0026827986670829493
225.504,2,451.008,0.002679821088096176
449.2854,1,449.2854,0.002669585660329142
449.09901,1,449.09901,0.002668478159236899
448.10067,1,448.10067,0.0026625461744714625
223.938,2,447.876,0.002661211219428841
442.88687,1,442.88687,0.0026315665661516196
442.5516,1,442.5516,0.0026295744426943725
437.92496,1,437.92496,0.0026020836499833135
437.66616,1,437.66616,0.0026005458996604825
437.44056,1,437.44056,0.002599205418699004
435.25404,1,435.25404,0.002586213448699483
434.69118,1,434.69118,0.0025828690200027727
434.565,1,434.565,0.0025821192775926697
433.6254,1,433.6254,0.002576536316992469
425.952,1,425.952,0.0025309421387574994
423.41494,1,423.41494,0.0025158673132782057
422.037,1,422.037,0.002507679802923331
418.36114,1,418.36114,0.0024858384006757233
416.556,1,416.556,0.0024751125327554958
414.99,1,414.99,0.0024658075984218286
414.61518,1,414.61518,0.0024635804748669465
412.1712,1,412.1712,0.0024490587166212273
409.79386,1,409.79386,0.002434932923141789
101.79,4,407.16,0.002419282926753492
400.896,1,400.896,0.0023820631894188233
400.64908,1,400.64908,0.0023805960282530063
399.0168,1,399.0168,0.002370897268218422
392.45092,1,392.45092,0.002331883805739023
391.5,1,391.5,0.0023262335834168192
390.82632,1,390.82632,0.0023222306790988724
389.14489,1,389.14489,0.0023122398772236117
386.74418,1,386.74418,0.002297975222750956
385.236,1,385.236,0.00228901384608215
384.6096,1,384.6096,0.0022852918723486834
383.96762,1,383.96762,0.0022814773246197383
383.3568,1,383.3568,0.0022778479248817497
191.2086,2,382.4172,0.002272264964281549
378.189,1,378.189,0.002247141641580648
376.623,1,376.623,0.00223783670724698
125.28,3,375.84000000000003,0.0022331842400801468
375.84,1,375.84,0.0022331842400801463
371.5335,1,371.5335,0.0022075956706625616
369.74197,1,369.74197,0.002196950671296792
369.576,1,369.576,0.0021959645027454775
368.0011,1,368.0011,0.0021866066859625322
365.56877,1,365.56877,0.002172154150248733
361.746,1,361.746,0.002149439831077141
361.32143,1,361.32143,0.0021469171005726426
361.12686,1,361.12686,0.0021457609951618497
360.06424,1,360.06424,0.002139447068391963
359.5536,1,359.5536,0.002136412923010007
356.265,1,356.265,0.0021168725609093057
354.699,1,354.699,0.0021075676265756385
353.916,1,353.916,0.0021029151594088046
70.47,5,352.35,0.0020936102250751374
117.45,3,352.35,0.0020936102250751374
349.9334,1,349.9334,0.0020792511546340515
349.00071,1,349.00071,0.0020737092522051448
348.1218,1,348.1218,0.0020684869023742357
347.77728,1,347.77728,0.002066439816820829
172.26,2,344.52,0.002047085553406801
343.59836,1,343.59836,0.0020416093084008745
342.78347,1,342.78347,0.0020367673556938746
338.96256,1,338.96256,0.0020140640883599963
338.77966,1,338.77966,0.0020129773243180884
337.34174,1,337.34174,0.0020044334219061688
336.69,1,336.69,0.0020005608817384645
335.93863,1,335.93863,0.0019960963552312565
335.00916,1,335.00916,0.001990573585553662
332.72901,1,332.72901,0.0019770252803040377
330.88666,1,330.88666,0.0019660783162110417
327.294,1,327.294,0.001944731275736461
326.01818,1,326.01818,0.0019371505469231917
325.728,1,325.728,0.0019354263414027937
323.52829,1,323.52829,0.0019223559984250728
321.03,1,321.03,0.0019075115384017917
158.166,2,316.332,0.00187959673540079
315.04088,1,315.04088,0.0018719250963095484
314.2962,1,314.2962,0.0018675003207670226
308.62728,1,308.62728,0.0018338164584791468
305.69706,1,305.69706,0.0018164055359483691
305.37,1,305.37,0.0018144621950651192
302.75485,1,302.75485,0.001798923370657271
150.336,2,300.672,0.0017865473920641174
300.672,1,300.672,0.0017865473920641174
299.47096,1,299.47096,0.0017794109946617496
299.2626,1,299.2626,0.001778172951163817
298.04112,1,298.04112,0.0017709151023835561
148.77,2,297.54,0.0017679375233967828
297.11554,1,297.11554,0.0017654154464955896
295.974,1,295.974,0.0017586325890631153
295.47617,1,295.47617,0.0017556745587570303
295.24658,1,295.24658,0.0017543103698211
293.42491,1,293.42491,0.0017434862831495728
293.07803,1,293.07803,0.001741425174834335
293.06807,1,293.06807,0.001741365994025929
292.842,1,292.842,0.0017400227203957807
291.9807,1,291.9807,0.001734905006512264
289.36718,1,289.36718,0.0017193758673170365
289.27801,1,289.27801,0.001718846032710055
288.43483,1,288.43483,0.0017138359851165289
287.99191,1,287.99191,0.0017112042216969455
287.61322,1,287.61322,0.0017089541031894
287.47692,1,287.47692,0.0017081442292751733
286.94285,1,286.94285,0.0017049708663891057
286.94202,1,286.94202,0.001704965934655072
142.506,2,285.012,0.0016934980487274445
285.012,1,285.012,0.0016934980487274445
284.23688,1,284.23688,0.0016888924033246907
93.96,3,281.88,0.0016748881800601099
140.94,2,281.88,0.0016748881800601099
281.23694,1,281.23694,0.0016710672151350728
277.80299,1,277.80299,0.001650663205393632
275.97672,1,275.97672,0.0016398117862202303
275.16832,1,275.16832,0.0016350083961082656
273.7504,1,273.7504,0.0016265833306610157
269.51126,1,269.51126,0.0016013950041404395
269.49293,1,269.49293,0.0016012860900623195
268.924,1,268.924,0.001597905594346832
267.31377,1,267.31377,0.0015883378520657966
267.003,1,267.003,0.0015864913038902708
266.39944,1,266.39944,0.0015829050419704572
266.07226,1,266.07226,0.0015809609880654194
265.46724,1,265.46724,0.0015773660510471847
265.437,1,265.437,0.0015771863695566036
264.654,1,264.654,0.0015725339023897698
264.20287,1,264.20287,0.0015698533563961894
264.10736,1,264.10736,0.0015692858504714074
262.83744,1,262.83744,0.0015617401785627159
261.73234,1,261.73234,0.0015551738420798706
261.04371,1,261.04371,0.0015510821071308325
260.5824,1,260.5824,0.001548341073122235
259.20432,1,259.20432,0.0015401527309086077
258.53141,1,258.53141,0.0015361544018138006
257.19984,1,257.19984,0.0015282424149615137
255.23352,1,255.23352,0.00151655883994301
255.07669,1,255.07669,0.0015156269798845498
253.2222,1,253.2222,0.0015046078817539986
253.0656,1,253.0656,0.0015036773883206319
252.23562,1,252.23562,0.0014987457731237884
252.18864,1,252.18864,0.0014984666250937783
251.12059,1,251.12059,0.0014921204340879843
251.1081,1,251.1081,0.001492046220403548
250.90346,1,250.90346,0.0014908302805810437
250.76605,1,250.76605,0.001490013811215278
62.64,4,250.56,0.0014887894933867643
248.994,1,248.994,0.001479484559053097
248.25516,1,248.25516,0.001475094483904255
248.02442,1,248.02442,0.0014737234618428562
245.079,1,245.079,0.0014562222232189289
244.296,1,244.296,0.0014515697560520953
243.76964,1,243.76964,0.0014484422048159082
243.43407,1,243.43407,0.0014464482988041912
241.164,1,241.164,0.0014329598873847607
240.75991,1,240.75991,0.001430558845932084
240.02754,1,240.02754,0.0014262072145413127
238.72134,1,238.72134,0.0014184459723787098
238.16266,1,238.16266,0.0014151263806076158
234.9,1,234.9,0.0013957401500500916
234.6651,1,234.6651,0.0013943444099000415
234.117,1,234.117,0.0013910876828832578
234.0387,1,234.0387,0.0013906224361665746
233.334,1,233.334,0.0013864352157164244
233.14608,1,233.14608,0.0013853186235963843
232.42676,1,232.42676,0.0013810445333250602
230.70356,1,230.70356,0.0013708055404490862
230.4369,1,230.4369,0.00136922108719914
229.22396,1,229.22396,0.0013620139818027936
227.853,1,227.853,0.001353867945548589
227.68697,1,227.68697,0.0013528814204863803
227.07,1,227.07,0.0013492154783817552
225.82924,1,225.82924,0.0013418430707675527
225.62928,1,225.62928,0.0013406549387947812
112.752,2,225.504,0.001339910544048088
225.18479,1,225.18479,0.001338013846673471
224.08302,1,224.08302,0.0013314672965452435
223.58195,1,223.58195,0.0013284900146508815
222.65043,1,222.65043,0.001322955064184408
222.25352,1,222.25352,0.001320596685202048
221.7456,1,221.7456,0.0013175787016472865
221.0276,1,221.0276,0.0013133124546156306
220.47341,1,220.47341,0.001310019541743105
217.12351,1,217.12351,0.00129011494434569
217.11819,1,217.11819,0.0012900833337130878
216.8445,1,216.8445,0.00128845710927006
216.22176,1,216.22176,0.0012847568827011276
216.01079,1,216.01079,0.0012835033309793052
215.7948,1,215.7948,0.0012822199511793508
215.62798,1,215.62798,0.0012812287320570377
215.28468,1,215.28468,0.0012791888955584758
215.10576,1,215.10576,0.0012781257800725373
214.3071,1,214.3071,0.0012733802635623668
212.976,1,212.976,0.0012654710693787497
212.10752,1,212.10752,0.001260310693024916
212.04015,1,212.04015,0.001259910390709425
211.93109,1,211.93109,0.001259262372741079
211.41,1,211.41,0.0012561661350450825
210.9402,1,210.9402,0.0012533746547449822
209.64042,1,209.64042,0.0012456515592480385
208.5285,1,208.5285,0.0012390446993602406
207.49669,1,207.49669,0.0012329138409344288
206.712,1,206.712,0.0012282513320440805
206.20708,1,206.20708,0.0012252511740340197
205.4592,1,205.4592,0.0012208073845771468
203.67603,1,203.67603,0.0012102120590626094
202.30663,1,202.30663,0.0012020752920916492
202.03684,1,202.03684,0.001200472240856732
202.014,1,202.014,0.0012003365290430789
201.14558,1,201.14558,0.0011951765092001391
200.448,1,200.448,0.0011910315947094117
200.11914,1,200.11914,0.0011890775584993414
199.665,1,199.665,0.0011863791275425778
199.59357,1,199.59357,0.0011859547013232587
196.6896,1,196.6896,0.0011686997523086102
196.67552,1,196.67552,0.0011686160910854824
196.65828,1,196.65828,0.0011685136536219367
195.4368,1,195.4368,0.0011612558048416763
193.83127,1,193.83127,0.0011517159892473385
193.0878,1,193.0878,0.0011472984033411753
191.6784,1,191.6784,0.0011389239624408748
191.29549,1,191.29549,0.0011366487693337838
189.1728,1,189.1728,0.001124036067507007
188.66448,1,188.66448,0.0011210157072129524
188.356,1,188.356,0.001119182765869881
187.53478,1,187.53478,0.001114303201263563
187.30711,1,187.30711,0.001112950420676241
187.2153,1,187.2153,0.0011124048995899232
185.6493,1,185.6493,0.0011030999652562557
185.19993,1,185.19993,0.001100429876915566
185.15099,1,185.15099,0.0011001390828630183
183.54848,1,183.54848,0.001090617211650346
183.11987,1,183.11987,0.0010880704760789835
183.03175,1,183.03175,0.0010875468804126473
182.79219,1,182.79219,0.0010861234512498292
182.2824,1,182.2824,0.001083094356438871
182.27564,1,182.27564,0.0010830541895448127
181.51442,1,181.51442,0.0010785311358325047
180.73358,1,180.73358,0.0010738915030578553
180.4032,1,180.4032,0.0010719284352384703
180.09,1,180.09,0.001070067448371737
179.40062,1,179.40062,0.001065971257036524
178.524,1,178.524,0.0010607625140380697
178.1827,1,178.1827,0.0010587345612359748
177.74785,1,177.74785,0.0010561507485316354
177.71104,1,177.71104,0.0010559320290981602
177.31818,1,177.31818,0.001053597714601146
175.98183,1,175.98183,0.0010456573257143027
175.88469,1,175.88469,0.0010450801345769003
87.696,2,175.392,0.0010421526453707351
175.392,1,175.392,0.0010421526453707351
175.31659,1,175.31659,0.0010417045705954464
173.99998,1,173.99998,0.0010338814737927329
172.38528,1,172.38528,0.001024287171450094
172.02208,1,172.02208,0.001022129092171685
171.62767,1,171.62767,0.001019785567809909
169.58646,1,169.58646,0.001007657007777198
169.15369,1,169.15369,0.0010050855541171848
169.128,1,169.128,0.0010049329080360659
168.89855,1,168.89855,0.0010035695509588885
167.8752,1,167.8752,0.0009974889605691322
167.4536,1,167.4536,0.0009949838773538869
167.38519,1,167.38519,0.0009945773955162328
167.16903,1,167.16903,0.0009932930056020786
164.8998,1,164.8998,0.0009798095853351643
164.43,1,164.43,0.0009770181050350643
164.29341,1,164.29341,0.0009762065079848498
164.13131,1,164.13131,0.000975243334386199
163.647,1,163.647,0.0009723656378682304
163.4117,1,163.4117,0.000970967520978887
163.04445,1,163.04445,0.0009687853772151327
81.432,2,162.864,0.0009677131707013968
162.864,1,162.864,0.0009677131707013968
162.63355,1,162.63355,0.000966343871775986
161.91535,1,161.91535,0.0009620764363746832
161.8461,1,161.8461,0.0009616649633845132
161.45749,1,161.45749,0.0009593559017424912
161.4164,1,161.4164,0.0009591117511985766
160.53463,1,160.53463,0.0009538724076817196
160.10343,1,160.10343,0.0009513102827234327
157.60224,1,157.60224,0.0009364485913402748
157.09444,1,157.09444,0.0009334313208073014
156.83635,1,156.83635,0.0009318977891967164
156.6,1,156.6,0.0009304934333667277
78.3,2,156.6,0.0009304934333667277
156.48861,1,156.48861,0.0009298315708919977
156.22271,1,156.22271,0.0009282516334467091
156.09888,1,156.09888,0.0009275158543799542
155.8953,1,155.8953,0.0009263062129165774
155.034,1,155.034,0.0009211884990330604
77.517,2,155.034,0.0009211884990330604
152.90068,1,152.90068,0.0009085126353595616
152.685,1,152.685,0.0009072310975325596
151.7993,1,151.7993,0.000901968402552145
151.69332,1,151.69332,0.0009013386854763583
151.66677,1,151.66677,0.0009011809294057589
150.49953,1,150.49953,0.0008942453664736835
75.168,2,150.336,0.0008932736960320587
148.01127,1,148.01127,0.0008794605031881848
147.72341,1,147.72341,0.0008777500827556884
147.65415,1,147.65415,0.0008773385503470358
147.56091,1,147.56091,0.000876784532417744
146.62902,1,146.62902,0.000871247383467424
146.5776,1,146.5776,0.0008709418536312571
145.57014,1,145.57014,0.0008649556792099313
143.44965,1,143.44965,0.0008523560494492682
142.93055,1,142.93055,0.0008492716360312564
141.68497,1,141.68497,0.0008418705887085684
140.9566,1,140.9566,0.0008375427247107311
140.52551,1,140.52551,0.0008349812533557498
140.4702,1,140.4702,0.0008346526097299549
139.374,1,139.374,0.0008281391556963876
139.02964,1,139.02964,0.0008260930208386982
137.46075,1,137.46075,0.0008167709145636361
137.025,1,137.025,0.0008141817541958868
136.85692,1,136.85692,0.0008131830483447994
136.72774,1,136.72774,0.0008124154803899954
134.0496,1,134.0496,0.000796502378961919
133.11,1,133.11,0.0007909194183617187
132.7968,1,132.7968,0.0007890584314949851
131.34443,1,131.34443,0.0007804286693760908
130.97851,1,130.97851,0.0007782544282704871
130.33055,1,130.33055,0.0007744043482891058
129.0384,1,129.0384,0.0007667265890941836
128.43529,1,128.43529,0.0007631430010060751
127.91546,1,127.91546,0.0007600542500388526
126.21856,1,126.21856,0.0007499715277714197
126.09998,1,126.09998,0.0007492669434078908
125.75818,1,125.75818,0.0007472360196816791
125.42193,1,125.42193,0.0007452380732131635
125.05234,1,125.05234,0.0007430420255245426
123.714,1,123.714,0.000735089812359715
123.27552,1,123.27552,0.0007324844307462881
122.148,1,122.148,0.0007257848780260476
120.582,1,120.582,0.0007164799436923803
120.2688,1,120.2688,0.0007146189568256469
120.22996,1,120.22996,0.0007143881754402576
119.69553,1,119.69553,0.0007112126734888261
119.4285,1,119.4285,0.0007096260217550335
119.39629,1,119.39629,0.0007094346348234323
119.04839,1,119.04839,0.0007073674658229963
118.8594,1,118.8594,0.0007062445159253464
116.66802,1,116.66802,0.0006932236685434104
115.93504,1,115.93504,0.0006888684126252166
57.942,2,115.884,0.0006885651406913785
115.38288,1,115.38288,0.000685587561704605
114.86474,1,114.86474,0.0006825088524608972
37.584,3,112.75200000000001,0.000669955272024044
111.44216,1,111.44216,0.0006621724015338711
110.47363,1,110.47363,0.0006564175432642754
110.38709,1,110.38709,0.000655903335718148
54.81,2,109.62,0.0006513454033567095
109.62,1,109.62,0.0006513454033567095
108.52604,1,108.52604,0.0006448452590631853
107.5842,1,107.5842,0.000639248988722942
107.16868,1,107.16868,0.0006367800319449563
106.6355,1,106.6355,0.0006336119573038167
103.69083,1,103.69083,0.0006161151750660645
103.57997,1,103.57997,0.0006154564617708982
102.44874,1,102.44874,0.0006087348647937115
101.08973,1,101.08973,0.0006006598336258972
100.26749,1,100.26749,0.0005957742083343809
100.06982,1,100.06982,0.0005945996831940642
49.329,2,98.658,0.0005862108630210385
98.525263,1,98.525263,0.0005854221599120678
98.22813,1,98.22813,0.0005836566407209021
98.164836,1,98.164836,0.0005832805573788107
97.817242,1,97.817242,0.000581215206583934
97.372986,1,97.372986,0.0005785755048551105
97.116943,1,97.116943,0.0005770541362078596
96.615657,1,96.615657,0.0005740755708742792
96.083952,1,96.083952,0.0005709162604592839
96.052463,1,96.052463,0.0005707291576002592
95.88001,1,95.88001,0.0005697044680468467
95.460154,1,95.460154,0.0005672097474149206
94.298542,1,94.298542,0.0005603076252047036
93.39944,1,93.39944,0.0005549652975742637
92.343076,1,92.343076,0.0005486885430069264
92.308121,1,92.308121,0.0005484808457019242
91.652911,1,91.652911,0.0005445876873208501
91.455503,1,91.455503,0.0005434147189447706
90.6714,1,90.6714,0.0005387556979193354
90.045,1,90.045,0.0005350337241858685
89.437265,1,89.437265,0.0005314226550496799
89.169892,1,89.169892,0.0005298339652619432
89.1054,1,89.1054,0.0005294507635856681
89.000573,1,89.000573,0.0005288278974608946
88.151766,1,88.151766,0.0005237844150873587
87.533675,1,87.533675,0.0005201118121708641
86.4432,1,86.4432,0.0005136323752184338
86.266907,1,86.266907,0.0005125848689678046
86.13,1,86.13,0.0005117713883517002
85.347,1,85.347,0.0005071189211848665
85.333232,1,85.333232,0.0005070371138183877
83.702766,1,83.702766,0.0004973491322964994
82.6065,1,82.6065,0.0004908352861009488
82.350685,1,82.350685,0.0004893152721950951
81.081566,1,81.081566,0.00048177435970683867
79.248372,1,79.248372,0.00047088179917626854
78.494289,1,78.494289,0.0004664011524348031
77.6736,1,77.6736,0.0004615247429498969
75.810468,1,75.810468,0.00045045429536691217
74.763283,1,74.763283,0.00044423208102451026
74.145319,1,74.145319,0.0004405602327227412
72.659441,1,72.659441,0.00043173137115323876
71.901149,1,71.901149,0.00042722571517255853
71.253,1,71.253,0.0004233745121818611
71.151588,1,71.151588,0.000422771937468805
69.892255,1,69.892255,0.0004152891719073617
69.259311,1,69.259311,0.0004115283147190547
68.904,1,68.904,0.0004094171106813602
68.643349,1,68.643349,0.00040786836199744914
68.610803,1,68.610803,0.00040767497860484154
68.268993,1,68.268993,0.0004056439954601475
68.121,1,68.121,0.00040476464351452655
68.072094,1,68.072094,0.00040447405148481884
67.673008,1,67.673008,0.00040210274304070264
67.40064,1,67.40064,0.00040048437372103957
66.082974,1,66.082974,0.0003926550023265913
65.1456,1,65.1456,0.00038708526828055875
64.3308,1,64.3308,0.00038224385033989967
63.928289,1,63.928289,0.00037985219106558373
63.6579,1,63.6579,0.0003782455806635748
63.460104,1,63.460104,0.0003770703068503807
63.423,1,63.423,0.00037684984051352473
62.436845,1,62.436845,0.00037099025716881356
62.417285,1,62.417285,0.00037087403461736625
62.2485,1,62.2485,0.0003698711397632743
61.869205,1,61.869205,0.00036761742643754737
61.359555,1,61.359555,0.00036458916348534203
61.247162,1,61.247162,0.00036392134133683387
61.074,1,61.074,0.0003628924390130238
60.38496,1,60.38496,0.0003587982679062102
60.189688,1,60.189688,0.0003576379913179574
60.1344,1,60.1344,0.00035730947841282345
59.0382,1,59.0382,0.0003507960243792564
58.658573,1,58.658573,0.0003485403383599159
58.626762,1,58.626762,0.0003483513222257599
58.533308,1,58.533308,0.00034779603274094606
57.427541,1,57.427541,0.000341225733045329
55.788729,1,55.788729,0.00033148816085808386
55.762235,1,55.762235,0.00033133073753098535
54.287378,1,54.287378,0.00032256736107086435
53.632559,1,53.632559,0.0003186765259524495
53.61984,1,53.61984,0.00031860095158476757
53.598264,1,53.598264,0.0003184727502672815
52.250816,1,52.250816,0.000310466418748743
52.24176,1,52.24176,0.0003104126093711404
51.678,1,51.678,0.0003070628330110201
51.650021,1,51.650021,0.00030689658603929497
51.09858,1,51.09858,0.00030362000730756324
50.508598,1,50.508598,0.0003001144238030641
50.379052,1,50.379052,0.0002993446811318066
50.112,1,50.112,0.0002977578986773529
49.642927,1,49.642927,0.00029497073810091847
48.546,1,48.546,0.0002884529643436856
48.008644,1,48.008644,0.0002852600765443228
46.986096,1,46.986096,0.0002791842515168498
46.98,1,46.98,0.0002791480300100183
45.633671,1,45.633671,0.0002711483474196531
44.3961,1,44.3961,0.0002637948883594673
43.962789,1,43.962789,0.00026122022015955947
43.065,1,43.065,0.0002558856941758501
42.572087,1,42.572087,0.00025295687993752896
41.136153,1,41.136153,0.0002444247780362006
39.654706,1,39.654706,0.00023562224479622078
39.154744,1,39.154744,0.0002326515464697017
39.15,1,39.15,0.00023262335834168193
39.043825,1,39.043825,0.00023199248260548963
37.444858,1,37.444858,0.00022249166336110846
35.203355,1,35.203355,0.00020917299272016452
35.031545,1,35.031545,0.0002081521237751662
32.190291,1,32.190291,0.00019126982371433
31.32,1,31.32,0.00018609868667334554
30.75644,1,30.75644,0.00018275009868287204
30.646825,1,30.646825,0.0001820987829887565
27.980771,1,27.980771,0.00016625749473843019
27.151483,1,27.151483,0.0001613299913005641
26.3088,1,26.3088,0.00015632289680561027
25.418717,1,25.418717,0.0001510341587043883
23.49,1,23.49,0.00013957401500500915
20.358,1,20.358,0.0001209641463376746
15.894197,1,15.894197,9.444090636741471e-05
15.66,1,15.66,9.304934333667277e-05
10.664929,1,10.664929,6.336938953909568e-05
7.485598,1,7.485598,4.4478287253021144e-05
0.024229,1,0.024229,1.4396504084956864e-07
0.020233,1,0.020233,1.2022141530848662e-07
0.019249,1,0.019249,1.1437463664671865e-07
0.014161,1,0.014161,8.414251283465027e-08
0.011321,1,0.011321,6.726766385149887e-08
0.009729,1,0.009729,5.7808241463760496e-08
0.006531,1,0.006531,3.880621081301468e-08
0.006401,1,0.006401,3.8033770542659156e-08
0.005416,1,0.005416,3.218105003265771e-08
0.003423,1,0.003423,2.033894650328422e-08
0.002531,1,0.002531,1.5038817878998645e-08
0.002001,1,0.002001,1.1889638315241522e-08
0.001598,1,0.001598,9.495073477139407e-09
0.000261,6,0.0015660000000000001,9.304934333667278e-09
0.001134,1,0.001134,6.738055896793546e-09
0.001001,1,0.001001,5.947790081737512e-09
0.000705,1,0.000705,4.189003004620326e-09
0.000699,1,0.000699,4.153351915219302e-09
0.000536,1,0.000536,3.1848306531581485e-09
0.000259,2,0.000518,3.0778773849550766e-09
0.00039,1,0.00039,2.3173208110665635e-09
0.000384,1,0.000384,2.2816697216655394e-09
0.000309,1,0.000309,1.8360311041527385e-09
0.000297,1,0.000297,1.7647289253506907e-09
0.000276,1,0.000276,1.6399501124471063e-09
0.00026,1,0.00026,1.544880540711042e-09
0.000258,1,0.000258,1.5329968442440341e-09
0.000251,1,0.000251,1.491403906609506e-09
0.000207,1,0.000207,1.2299625843353298e-09
5.3e-05,1,5.3e-05,3.149179563757125e-10
1.3e-05,1,1.3e-05,7.724402703555211e-11
1.2e-05,1,1.2e-05,7.13021788020481e-11
2e-06,1,2e-06,1.1883696467008016e-11
1e-06,2,2e-06,1.1883696467008016e-11
